{"entities":{"pages":{"main":{"id":"main","title":"Mythical HOME","url":"main.html","level":0,"tabIndex":0},"vzhmfj_3":{"id":"vzhmfj_3","title":"Player Documentation","level":0,"pages":["Luminals","Cardinals","DNA-Sequencing","Forge-System"],"tabIndex":1},"Luminals":{"id":"Luminals","title":"🐈 Luminal Collection Guide","url":"luminals.html","level":1,"parentId":"vzhmfj_3","tabIndex":0},"Cardinals":{"id":"Cardinals","title":"⚔️ Cardinal Battle System","url":"cardinals.html","level":1,"parentId":"vzhmfj_3","tabIndex":1},"DNA-Sequencing":{"id":"DNA-Sequencing","title":"🧬 DNA Sequencing System","url":"dna-sequencing.html","level":1,"parentId":"vzhmfj_3","tabIndex":2},"Forge-System":{"id":"Forge-System","title":"⚒️ Luminal Forge System","url":"forge-system.html","level":1,"parentId":"vzhmfj_3","tabIndex":3},"vzhmfj_4":{"id":"vzhmfj_4","title":"Developer Documentation","level":0,"pages":["Core","Elya","Hunt"],"tabIndex":2},"Core":{"id":"Core","title":"🫀 Core","url":"core.html","level":1,"parentId":"vzhmfj_4","tabIndex":0},"Elya":{"id":"Elya","title":"🧚‍♂ Elya","url":"elya.html","level":1,"parentId":"vzhmfj_4","tabIndex":1},"Hunt":{"id":"Hunt","title":"🎯 Hunt System Technical Documentation","url":"hunt.html","level":1,"parentId":"vzhmfj_4","tabIndex":2}}},"topLevelIds":["main","vzhmfj_3","vzhmfj_4"]}