{"title":"✨ Welcome to the Magical Realm ✨","subtitle":"🌟 Discover Mythical Bot, a unique Discord adventure where you can collect Luminals, team up with Cardinals, and build your own enchanted house. This guide will help you master every aspect of your magical journey.","tips":[{"title":"🌈 Luminal Collection","description":"Discover and collect magical creatures with unique abilities","url":"luminals.html"},{"title":"⚔️ Cardinal System (Battle)","description":"Master the art of battling with your Cardinal companions","url":"cardinals.html"}],"main":{"title":"🎯 Essential Features","data":[{"title":"🌈 Luminal Collection","description":"Discover and collect magical creatures with unique abilities","url":"luminals.html"},{"title":"⚔️ Cardinal System (Battle)","description":"Master the art of battling with your Cardinal companions","url":"cardinals.html"}]},"highlighted":{"title":"🔨 Advanced Mechanics","data":[{"title":"🧬 DNA Sequencing","description":"Transform eggs using the DNA sequencer","url":"dna-sequencing.html"},{"title":"⚒️ Forge System","description":"Upgrade your Luminals with the Forge System","url":"forge-system.html"}]},"groups":[{"title":"🌐 Community Resources","type":"cards","display":"wide","data":[{"title":"🎮 Discord Server","description":"Join our community for support and updates","url":"https://discord.gg/9bfmjajSEt"},{"title":"🏰 Official Website","description":"Check out our main website","url":"https://phearion.fr"},{"title":"⭐ Top.gg Page","description":"Invite our bot there","url":"https://top.gg/bot/1250496056521654393"}]}],"prevNextLinks":{"nextPageUrl":"luminals.html","nextPageTitle":"🐈 Luminal Collection Guide"}}